{
  "accuracy": 0.9806763285024155,
  "macro_f1": 0.9807877585643405,
  "per_class": {
    "Toys & Games | Games & Accessories | Board Games": {
      "precision": 0.9818181818181818,
      "recall": 0.9818181818181818,
      "f1": 0.9818181818181818
    },
    "Toys & Games | Puzzles | Jigsaw Puzzles": {
      "precision": 0.9642857142857143,
      "recall": 0.9818181818181818,
      "f1": 0.972972972972973
    },
    "Toys & Games | Stuffed Animals & Plush Toys | Stuffed Animals & Teddy Bears": {
      "precision": 0.9803921568627451,
      "recall": 1.0,
      "f1": 0.9900990099009901
    },
    "Toys & Games | Toy Figures & Playsets | Action Figures": {
      "precision": 1.0,
      "recall": 0.9574468085106383,
      "f1": 0.9782608695652174
    }
  }
}

